#{"t_start": 1772578853.4440567, "env_id": "MountainCarContinuous-v0"}
r,l,t--77.980773,228,524.071012
86.764306,139,524.171746
87.656742,129,575.407833
88.593494,117,575.879313
88.596654,117,575.966114
88.132048,123,576.057837
89.375521,109,631.509323
89.213643,111,631.59133
89.244053,110,631.670487
89.314128,110,631.75827
89.902094,103,690.317183
90.025407,102,690.781473
89.798929,104,690.861603
90.025228,102,690.946577
90.383808,100,750.507532
93.185425,72,750.560513
90.200529,100,750.635482
90.410488,100,750.707985
92.998728,72,750.758232
90.382069,101,810.21761
93.153507,72,810.269
90.359873,100,810.343292
92.859364,73,810.396792
93.04658,71,810.446869
92.961283,72,810.498173
92.855008,73,867.846519
92.983619,73,867.899087
92.934713,72,868.187554
93.038752,71,868.565354
93.075768,71,868.620587
92.983191,73,868.676536
92.971294,72,927.16669
93.041718,71,927.218696
92.960776,72,927.270958
92.960818,72,927.323105
92.959335,72,927.376174
92.992583,72,927.690932
93.055359,71,986.13789
93.156831,70,986.193042
93.148881,70,986.254677
93.106803,71,986.31587
93.055186,71,986.377386
93.056537,71,986.437281
93.169462,70,986.496955
93.199884,70,1074.678088
93.248387,69,1075.079255
93.248333,69,1075.131569
93.257919,69,1075.182523
93.201149,70,1075.232535
93.264126,69,1075.281216
93.25359,69,1075.330392
93.251539,69,1123.896756
93.197836,70,1123.947997
93.135203,70,1124.218573
93.242345,69,1124.611722
93.253202,69,1124.667857
93.281215,69,1124.718282
93.140088,70,1124.769325
93.200839,70,1183.075928
93.274176,69,1183.127663
93.205628,70,1183.180004
93.226477,69,1183.23154
93.225613,69,1183.530244
93.291647,69,1183.915342
93.262822,69,1183.965651
93.363034,68,1243.959798
93.219562,69,1244.008769
93.330779,68,1244.056108
93.326872,68,1244.104764
93.33066,68,1244.152643
93.360118,68,1244.200233
93.334203,68,1244.460746
93.37917,68,1309.993526
93.336795,68,1310.041003
93.367981,68,1310.090815
93.341133,68,1310.138191
93.405657,68,1310.186126
93.344235,68,1310.238628
93.353567,68,1310.296244
93.39756,68,1366.583086
93.390048,68,1366.965599
93.368871,68,1367.020558
93.435175,67,1367.073328
93.360892,68,1367.126301
93.394753,68,1367.178704
93.362434,68,1367.230275
93.330845,68,1426.520783
93.368948,68,1426.56979
93.36596,68,1426.834733
93.414415,67,1427.233624
93.416717,67,1427.282829
93.364337,68,1427.331018
93.399262,68,1427.378952
93.44305,67,1483.350742
93.449643,67,1483.401136
93.443859,67,1483.45014
93.443144,67,1483.499199
93.364274,68,1483.822612
93.442172,67,1484.205508
93.362184,68,1484.253911
93.451729,67,1539.227678
93.447317,67,1539.274249
93.480149,68,1539.321908
93.45688,67,1539.368944
93.486537,67,1539.414928
93.454421,68,1539.46216
93.460941,67,1539.72267
69.383477
93.340974,68,1369.654231
93.409021,67,1429.936184
93.439259,67,1429.98912
93.450178,67,1430.042461
93.369511,68,1430.098855
93.45331,67,1430.153005
93.39238,68,1486.137855
93.413236,67,1486.193502
93.362738,68,1486.521621
93.376957,68,1486.935951
93.444419,67,1486.99077
93.396013,67,1542.658041
93.443858,67,1542.710662
93.398516,68,1542.764546
93.456251,67,1542.817539
93.399675,67,1542.869665
26645188.589514,120,48779.45097587.989568,125,48788.13189486.861628,140,48779.59010480.051453,210,48878.336865,232,488.885391
78.944742,229,489.510975
78.338573,229,490.097973
79.163801,218,490.514951
88.47578,122,490.742591
63.000631,399,499.561303
86.532519,142,499.83829
88.228672,128,500.091288
88.313853,123,500.332659
86.464452,142,500.612624
82.988079.591504,221,500.787.25687.333197,135,500.9986.92679.762301,213,501.4279.37687.204517,138,501.6980.44791,205,502.317093
88.260427,123,502.57313
87.8927256.574927,462,511.126974
80.987923,202,511.527918
64.048289,392,512.320685
86.630306,140,512.602621
87.78081,130,512.865666
87.58627,131,513.130034
87.821023,129,513.388832
71.637972,293,513.964954
85.931624,146,514.260756
79.451772,213,514.68388
78.969362,225,523.189114
88.403981,124,528.018487
85.350081,154,528.322748
88.348821,127,528.580657
88.422031,122,528.799844
89.029517,119,529.017195
87.325901,137,529.281225
89.354531,114,529.496403
88.253661,124,52960.424107,418,530.418776
87.698162,130,530.660822
88.170716,126,530.893178
89.068398,119,531.112829
88.454144,123,531.338611
87.9374078.815468,226,531.87.8526087.595739,132,539.87.7726387.679138,125,539.88.1206188.350606,125,539.88.9251689.5995,111,539.6889.40687.794413,129,539.9287.65988.366635,122,540.1588.55188.81812,120,540.36882.8087.774435,126,540.5984.11787.85768,125,540.82287.8180.592708,205,541.198886.389.153137,117,541.410587.187.526578,131,541.650686.89.013753,115,541.864486.988.131689,124,542.090388.587.84396,129,542.32888.5586.689916,142,542.58884.5588.788241,122,550.06887.3181.288857,199,550.4375.704542,259,550.908922
87.552327,131,551.143898
88.16881.510559,203,551.2889.56781.236864,201,551.6486.27289.321795,116,551.8687.15789.632047,115,552.080.549188.686799,125,552.284.966823,159,552.743963
89.796591,109,552.949508
88.686839,118,553.179498
88.896429,118,553.400769
87.867094,126,553.636082
83.094691,181,561.74591
86.711541,143,562.07831
88.237462,123,562.304178
88.786912,119,562.527371
88.017758,124,562.759482
88.487568,119,562.985759
88.904087,119,563.224808
79.734869,210,563.680249
88.817116,114,563.890041
89.347475,110,564.092672
87.557824,131,564.331413
89.048014,113,564.59941
80.489963,209,565.006
88.986938,113,565.217843
87.322032,131,565.463438
89.443915,109,573.502786
89.924452,107,573.705884
81.379702,198,574.079951
88.96518,115,574.296099
88.685041,116,574.551481
89.593359,111,574.763833
87.391559,132,575.008095
90.012889,104,575.199846
89.012892,118,575.422103
89.934641,107,575.618074
89.396331,109,575.821534
88.921893,115,576.080209
89.022692,114,576.328269
89.195317,112,576.540637
89.665215,107,576.737484
89.503374,114,576.94778
89.380847,112,577.197496
88.674608,122,580.184228
89.75075,108,588.016105
77.975055,235,588.473268
88.172449,134,588.729069
89.454597,113,588.950983
89.121232,113,589.17025
89.758475,110,589.386802
89.211838,115,589.608762
89.235682,112,589.827371
87.701828,133,590.081232
88.291832,124,590.327225
88.908848,117,590.550724
88.961577,112,590.766291
86.560897,141,591.037641
89.602416,109,591.244927
89.092239,115,591.464003
91.575805,90,591.630957
89.612696,111,599.016863
89.890348,106,599.211572
89.529318,109,599.410598
89.253855,112,599.60900987.817436,130,599.87981
82.701582,186,600.228386
89.160562,113,600.43857
89.505534,109,600.642694
86.81254,140,600.902156
82.457161,185,601.25158
89.526452,106,601.453838
88.828178,114,601.663166
82.520929,188,602.010789
89.122479,115,602.225049
89.738196,106,602.420375
89.124582,113,602.624
88.106819,125,610.046704
91.755271,84,610.202391
90.35248,104,610.393549
81.346471,204,610.770762
86.5184,146,611.030531
85.81633,153,611.308057
89.837451,106,611.516186
89.226423,108,611.730661
89.623291,113,611.936051
86.242074,149,612.215622
89.168604,109,612.423512
88.123828,130,612.676741
89.291345,119,612.903398
89.653071,109,613.112624
90.584242,101,613.297818
89.718426,108,613.49361
88.771719,115,613.703746
90.815361,97,620.71617
89.646267,107,620.909745
87.245496,135,621.156262
89.055187,115,621.364748
90.940194,99,621.544631
89.312717,110,621.745991
89.031008,113,621.952935
89.183648,113,622.159058
89.633599,106,622.351346
89.743592,108,622.5471
89.897636,106,622.740336
92.012161,86,622.896838
89.056272,114,623.104891
88.859456,118,623.318462
87.8449,130,623.556467
90.13605,107,623.752219
90.431038,100,623.931957
89.870723,106,624.128647
89.016816,114,624.364432
91.26142,92,631.800546
89.794219,107,631.996665
89.874058,106,632.190616
90.180375,100,632.382236
89.447199,112,632.592762
89.863511,106,632.789281
89.960974,110,632.999975
89.674472,110,633.204303
89.344117,111,633.41087
89.397829,113,633.623282
85.07808,160,633.922571
89.555837,109,634.132267
89.754014,107,634.333908
89.483001,109,634.54478
92.284016,82,634.701701
89.49533,107,634.900548
89.294802,109,635.994035
92.679158,80,636.141553
87.102216,135,636.443019
90.1422,105,644.017126
89.598056,105,644.209273
91.266473,91,644.378448
90.153172,106,644.574243
90.218544,102,644.761241
92.898707,74,644.901305
89.902098,102,645.091055
88.743342,122,645.317451
85.47908,154,645.601422
89.920418,106,645.792844
89.887288,105,645.982293
87.973055,127,646.215653
89.727122,103,646.401515
91.969594,87,646.560613
89.339964,109,646.759159
89.784442,105,646.946855
89.466705,108,647.145944
89.68671,107,647.343403
89.117342,114,647.553305
88.694172,120,654.930717
90.000179,106,655.125556
88.837723,119,655.344292
85.828571,155,655.622273
89.127043,112,655.827737
89.691111,105,656.01493
89.84642,106,656.205741
92.544331,80,656.348037
90.642461,99,656.526622
85.931522,158,656.819175
89.697016,111,657.021226
83.274654,182,657.350135
89.134472,116,657.56125
89.623284,111,657.763832
89.148108,116,657.973801
92.601003,77,658.113484
88.215892,125,658.339749
93.19351,76,658.477066
89.997804,102,665.897848
89.106136,112,666.101079
89.81592,106,666.292257
89.398292,111,666.495324
93.264425,75,666.632922
90.626549,99,666.813147
90.076886,103,666.996018
86.210301,148,667.265997
89.095343,114,667.46754
92.944299,73,667.601898
88.994455,113,667.810739
89.145407,118,668.021035
89.226111,115,668.231214
88.972612,114,668.442005
89.849865,110,668.641152
89.77251,106,668.836936
86.991756,139,669.106544
90.244373,104,669.391203
90.096818,104,669.590359
89.878916,105,677.45142
89.539922,110,677.651994
89.827311,106,677.841246
89.887185,103,678.029757
89.216177,124,678.258568
89.477093,109,678.49983
90.306569,103,678.693608
89.908808,103,678.924306
90.002706,102,679.129876
89.998094,101,679.317524
88.966986,123,679.547598
90.21646,102,679.746554
89.827247,106,679.95228
91.991926,83,680.105838
89.93347,104,680.307994
92.013453,84,680.467531
89.780654,104,680.712038
88.917574,116,680.933452
89.645405,113,681.145703
90.043719,100,689.794847
89.842866,103,690.000811
92.453496,81,690.158098
90.034422,102,690.347516
90.184601,101,690.539989
92.631433,82,690.757755
92.835322,75,690.929424
90.276932,101,691.136403
92.791308,77,691.296591
90.756198,99,691.49055
90.2114,101,691.691633
92.838283,77,691.842142
90.671889,97,692.025748
89.781991,104,692.220065
89.873123,104,692.431736
89.097408,114,695.064568
90.283949,100,695.320844
92.621403,79,695.474103
90.390079,100,695.682578
89.768971,109,695.941758
93.149626,74,696.081167
89.890721,104,696.278415
90.191486,101,704.28767
89.717693,111,704.500763
90.588174,98,704.683571
89.534174,110,704.888725
91.774187,86,705.052042
89.926803,105,705.247873
88.082841,125,705.487918
90.05023,110,705.693073
92.638018,76,705.834383
93.280622,70,705.966309
88.822092,116,706.184725
90.901419,95,706.361125
90.386142,98,706.544015
89.844203,103,706.739795
90.235845,100,706.924342
92.769849,74,707.062263
87.480298,132,707.310181
89.163668,112,707.516833
86.344237,142,707.787054
93.182302,70,707.92001
89.943688,102,715.779804
93.06694,75,715.920818
89.919545,104,716.111598
92.520381,82,716.283195
91.066211,96,716.466751
93.383503,69,716.591633
92.581937,78,716.733661
92.282389,82,716.886676
90.26661,102,717.095615
89.716346,85.969008,149,790.193132,189.580977,108,791.025968,989.961686,103,89.896039,192.35583,86,7190.287278,99,718.159266
93.204457,72,718.337564
90.725527,98,718.521872
92.960901,76,718.659848
92.884359,74,718.824724
90.292432,98,719.017382
90.197435,102,719.246145
90.080523,1089.351707,110,90.189801,102,719.669012
92.176467,890.3439,105,7290.357086,99,728.143514
89.794612,103,728.331677
92.671743,88.935152,119,790.066562,190.016654,102,789.751564,190.419263,105,790.020949,106,729.070739
92.224715,87,729.230697
89.672126,105,729.423216
90.129555,102,729.646
92.523217,79,729.85218
88.43699,120,730.090899
89.894898,105,730.305726
89.94889,103,730.506574
90.784167,98,730.697159
90.456,104,730.93265
89.797805,103,731.150795
93.051323,76,731.295696
90.13209,101,731.487517
87.446429,135,731.744202
87.219625,134,739.556453
92.738405,74,739.689628
89.997989,105,739.882051
90.239631,100,740.061514
93.332075,71,740.191893
90.493521,97,740.372876
92.558124,78,740.517914
90.092842,102,740.705953
92.580139,81,740.85404
93.181879,71,740.991087
91.285573,93,741.165396
90.464782,99,741.347765
93.202125,72,741.484233
93.000977,74,741.622459
92.903289,74,741.758273
93.072862,72,741.887832
89.409752,113,742.095108
92.894451,76,742.235332
92.831084,73,742.366768
92.701117,76,742.505607
90.063105,101,742.689138
89.57687.651608,134,742.8392.98389.466564,111,743.092.464690.033024,103,750.88.8777486.254281,142,75190.30473,87.201857,133,751.524232
92.956965,71,751.655789
91.948484,87,751.817582
92.774918,74,751.957057
89.827196,105,752.149846
93.202127,74,7590.187369,93.245269,70,75289.89999492.506819,81,752.93.1540393.469784,75,752.89.854838,104,752.912154
92.965416,73,753.047013
90.347172,97,753.225276
92.997068,71,755.078915
989.219576,113,755.204090.890.510582,97,755.415690.190.634453,99,755.5937788.86.386262,147,755.8584992.90.255946,99,756.0333393.93.556557,69,756.1568290.91.078053,94,756.330392.791.982576,84,75692.69396393.062975,71,76492.79364290.553188,96,76492.92701392.823361,75,76490.07124990.344892,103,76490.03001693.144051,74,76592.32068690.640436,97,76589.56803393.354906,71,765.90.2049990.242817,101,76593.22876,93.307064,70,7692.792457,90.930733,96,7691.717014,92.453204,83,7693.583467,92.790599,75,7692.868527,92.409298,80,7690.440208,92.93632,73,7693.056337,92.854516,74,7693.178938,92.894779,72,7690.246405,89.254621,111,790.00436,1087.193508,136,93.229499,7390.754666,95,768.073342
93.39991,69,790.073222,192.923952,75,7690.274243,93.091175,71,7690.528169,90.291775,104,7692.753112,87.762818,123,789.882728,191.018617,98,7792.801428,93.097892,73,7790.448042,93.130088,70,7790.841341,92.980304,72,7792.884099,90.247321,101,792.666822,92.806651,74,7789.90745,192.877827,72,7786.795649,143,778.334871
93.226481,70,778.463987
89.362349,111,778.676166
92.47289,79,778.825875
86.322653,145,779.096602
89.251133,114,779.311589
93.238361,71,779.441203
92.089828,84,779.595181
90.675086,99,779.778121
90.273772,103,779.973379
93.21514,72,780.136681
90.610853,98,780.330654
92.765592,76,780.473893
93.39997,72,780.610983
93.304522,69,780.74216
92.299385,81,788.235675
92.816452,75,788.378111
90.565058,99,788.562841
93.36218,71,788.697908
89.851469,103,788.890506
92.948379,73,789.024436
92.873753,74,789.163717
92.895944,73,789.302408
92.156052,82,789.4589
93.385456,71,789.588912
93.123811,73,789.722005
90.312317,97,789.896572
92.304446,78,790.03709
92.941611,74,790.176386
92.891706,74,790.311687
93.258003,69,790.435169
93.508242,70,790.565145
93.215003,71,790.70114
90.197663,99,790.900045
90.268182,102,791.133958
92.064384,84,791.295068
92.510498,83,791.450376
93.018023,74,791.590935
90.0,100,791.785265
92.919974,72,791.922064
93.417213,69,792.050319
92.614483,75,800.094525
92.905004,73,800.231416
93.350043,6989.531022,11092.99291.636590.716176,9687.208084,138,800.836391
93.20090.357427,99,800.790.250014,99,889.450795,193.019893,72,8093.14608993.366469,70,8090.539146,92.875496,72,80190.49661492.99590.987344,92.85016789.731399,106,8089.372794,90.23989,101,80292.94336493.377356,74,80293.10817489.872595,105,8089.77053,190.402639,102,892.841565,793.453115,68,885.180832,157,802.916983
92.633696,74,803.05697
92.595841,78,803.209152
92.450645,89.964839,107,889.971401,189.890725,103,893.007437,787.636126,128,803.973068
92.837823,73,811.63172
93.217048,72,811.762712
93.023368,71,893.086367,793.250763,69,893.094315,792.659761,75,883.216012,180,812.321738
93.038023,76,812.459774
93.170473,90.060889,101,893.395211,793.313423,70,889.512727,189.641923,106,890.255733,100,813.132793
90.632494,99,813.320271
91.258873,90,814.589349
92.906516,73,814.7244
92.31296,82,814.872578
93.079947,70,814.997289
92.637003,74,815.137563
90.40937,98,815.315204
93.167384,71,815.442267
87.735384,126,815.677507
92.719056,75,815.816207
89.862788,104,816.004714
92.992187,73,816.141235
93.171708,71,816.277029
93.015902,70,816.407435
91.752855,87,823.975849
92.897958,75,824.113787
93.453192,69,824.242647
90.926327,95,824.422987
90.579081,98,824.608688
89.765957,103,824.802592
93.396903,70,824.932645
93.022665,72,825.067488
90.299833,98,825.2535
92.817181,75,825.394028
93.207185,70,825.521623
93.099922,70,825.652236
92.797077,74,825.788069
92.91989.223644,117,826.090.682390.686557,96,826.292.790492.861889,75,826.393.334693.106582,72,82692.94170392.943016,72,82689.377908,110,826.716433
92.816184,73,826.848745
92.117607,89,827.013303
92.9,71,827.144067
93.280707,68,827.270374
93.09035,7289.944412,10393.018936,73,89.656567,1090.041228,105,87.614844,1290.358913,100,92.747673,7392.881945,75,93.039002,7092.939785,75,93.229191,7087.125216,134,836.047698
90.26106,103,836.238803
93.020035,71,836.365397
93.074109,72,836.49959
93.050106,72,836.638232
93.13449,7289.818775,10893.339221,71,93.215164,793.224821,73,893.061533,792.700525,74,92.628275,890.366583,99,837.367718
93.264284,70,837.499261
92.8,72,837.633192
90.351409,98,837.816201
92.9,71,837.946262
93.13779,72,838.07684
93.107959,71,838.203153
90.06701,100,838.38626
92.9,71,838.51787
92.980985.396871,149,838.93.2334292.963122,74,83889.923558,101,838.956234
92.705789,73,846.411262
92.873428,75,846.547289
90.316086,101,846.735413
93.431289.968445,104,846.92.9188492.966039,71,847.92.682051,79,847.1436
93.135681,70,847.270254
89.995573,105,847.465094
90.245871,98,847.644752
93.005545,73,847.78149
92.900384,85.172431,156,893.300826,793.265197,71,893.211178,793.063954,73,893.309626,793.344229,70,889.987073,193.091892,72,8490.314305,101,848.680371
93.011678,71,848.808167
92.970234,74,848.942245
92.51756,79,849.085351
92.811457,74,849.22305
90.501706,97,849.4036
92.969131,87.799739,131,892.375024,893.179431,70,893.236572,793.135353,70,93.144493,7093.116183,71,92.800163,7293.003544,72,93.133375,7492.841923,75,90.926252,102,857.934579
93.160236,790.656749,98,891.580699,889.183127,111,87.195376,138,858.486006
92.453556,83,858.633884
92.913448,73,858.767868
90.337894,100,858.960997
93.320018,69,859.106852
93.098911,70,859.251527
92.883973,73,859.394594
92.931684,72,859.531517
92.999933,71,859.663566
92.973016,71,859.79674
93.146585,71,859.931859
93.070343,77,860.079309
92.920222,75,860.223364
92.863098,73,860.362415
85.761551,148,860.64494
92.783148,76,860.78812
91.146988,92,860.959771
92.965912,73,861.098253
93.299092,69,861.225667
92.99963,71,861.354165
90.265185,101,869.425583
93.171008,71,869.563438
92.835926,73,869.702082
86.402171,150,869.985518
93.049412,72,870.119607
93.233478,71,870.253109
92.862297,73,870.389798
92.502603,78,870.535346
92.56989,77,870.677981
93.132645,71,872.702599
92.950797,73,872.841447
92.833976,76,872.980366
93.04754,73,873.115509
92.732609,74,873.254145
93.041931,73,873.390214
93.113582,70,873.514955
93.03734,72,873.648184
93.0876,71,873.779814
92.940577,73,873.914793
92.850945,75,874.057013
93.099207,75,874.19459
93.121699,71,874.325857
93.182476,71,874.459732
93.002334,72,874.587682
92.985011,71,874.718322
90.550271,97,874.899801
93.300111,69,875.028532
90.46124,97,882.647034
92.386166,78,882.793856
93.416813,73,882.930905
93.095266,70,883.061003
92.550162,81,883.210467
90.147815,105,883.411996
92.834732,73,883.549857
92.87256,74,883.689939
90.145457,102,883.882057
92.785417,73,884.01943
93.036377,72,884.152736
92.995495,71,884.307037
93.191995,70,884.483167
89.156613,120,884.712499
92.954562,72,884.848236
85.968354,150,885.128963
90.219239,101,885.331102
93.199606,70,885.468422
93.294354,71,885.606151
93.14696,71,885.74153
92.949002,78,885.887703
93.220386,70,886.018984
90.554324,99,886.257144
93.221817,69,886.393077
93.278217,69,886.520862
93.084027,70,894.642897
93.118046,71,894.793114
90.359142,102,894.997083
92.96547,71,895.141419
92.752892,74,895.293672
93.239141,71,895.438145
93.264831,70,895.579759
93.1406,69,895.717813
93.070295,70,895.858691
85.397511,149,896.149275
90.298724,104,896.351493
92.894192,72,896.493614
93.192838,71,896.633875
92.944654,72,896.777778
93.174247,69,896.919862
93.26647,68,897.050552
93.084506,70,897.180588
93.160318,71,897.309791
93.197692,69,897.435481
92.826748,72,897.565004
92.878083,74,897.703972
86.549972,141,897.962949
92.312584,87,898.121803
92.984708,71,898.254984
93.359768,71,898.385599
93.204101,70,906.362963
92.947268,71,906.496647
92.973404,73,906.632823
93.003327,70,906.764735
93.227019,69,906.8925
92.60798,77,907.037034
92.8,72,907.170619
93.076658,72,907.306072
93.262378,70,907.437527
93.049289,73,907.574452
92.929385,72,907.70817
92.680278,75,907.843327
93.0,70,907.984443
92.845097,72,908.121922
93.01484,72,908.284742
92.952185,74,908.425544
92.91499,74,908.568839
92.980175,73,908.76719
93.093017,75,908.936316
93.231483,70,909.063547
93.081879,71,909.194519
92.0714,87,909.365275
93.167768,70,909.529369
93.171523,71,909.666828
92.417123,79,909.818803
92.984056,71,909.971284
93.024743,72,910.109088
93.176535,70,910.242039
90.050831,102,918.333529
92.955999,74,918.537239
93.053742,75,918.687896
93.018396,73,918.891886
92.980724,71,919.038961
92.889288,72,919.174307
92.904863,72,919.309824
93.136885,73,919.451857
92.899814,72,919.591229
93.039805,72,919.730441
92.998486,72,919.871118
93.054791,73,920.012859
93.069997,71,920.151574
93.12359,74,920.294693
93.333408,69,920.428563
92.706678,75,920.576555
93.038029,72,920.714105
92.784576,73,920.854911
92.942447,71,920.995899
93.099472,70,921.140445
92.979269,72,921.282438
92.924062,72,921.425895
93.272293,70,921.561338
93.099915,70,921.697236
93.134301,71,921.834062
93.101704,71,921.969903
92.925144,72,922.106821
92.888347,73,922.248623
92.971322,73,922.390483
92.956879,71,929.879537
93.171397,70,930.009238
93.193137,69,930.138618
92.993661,73,930.279644
93.005287,71,930.414972
93.253684,71,930.544652
93.159405,74,930.679727
93.030688,70,932.196295
93.135384,70,932.326205
93.242085,70,932.456883
93.098229,70,932.588159
92.993202,72,932.721799
93.357332,70,932.848348
92.93871,72,932.980861
93.003344,71,933.116021
93.073654,72,933.250182
93.10211,71,933.381928
93.271976,69,933.50897
93.04634,71,933.644463
93.142547,71,933.77621
93.080286,71,933.907201
93.004269,71,934.036064
86.24432,142,934.301943
92.898379,72,934.437302
93.097841,71,934.567898
92.8,72,934.700561
92.951421,72,934.833596
92.818445,74,942.185347
92.951637,78,942.330066
93.066327,71,942.460887
93.013108,71,942.590651
93.020602,72,942.726824
93.082869,71,942.857469
92.887572,72,942.98795
92.883385,73,943.121864
93.323466,70,943.249788
92.96409,72,943.407424
93.22562,70,943.581916
93.023943,71,943.726099
92.7,73,943.874605
93.152934,73,944.005833
92.699818,74,944.138697
93.02823,71,944.267063
92.989264,73,944.405027
93.122718,71,944.559506
93.20714,72,944.716495
92.970591,71,944.860389
93.156716,73,944.995376
93.07437,71,945.134816
92.90381,72,945.271823
93.018221,72,945.406597
93.07116,71,945.552524
92.882372,73,945.696788
92.992824,71,945.897042
92.87268,73,946.119177
93.065082,71,946.331425
93.084349,71,954.468531
93.1,69,954.592005
93.059818,71,954.721622
93.063999,72,954.858048
92.9,71,954.991916
92.869021,72,955.126036
93.033991,72,955.262922
93.112368,70,955.394504
93.229245,71,955.531422
92.69497,80,955.72735
92.586135,75,955.864669
93.31991,70,955.991454
93.19908,69,956.12493
93.160446,69,956.255506
93.194666,72,956.391595
93.040926,71,956.525635
93.285989,70,956.659799
93.666723,70,956.785219
92.900602,71,956.923639
92.92241,72,957.062545
93.062568,71,957.191449
93.040154,72,957.320222
93.056466,74,957.459383
93.132504,71,957.600665
92.957029,74,957.748314
92.383735,80,957.906986
92.984969,72,958.04855
93.097076,70,958.184893
93.058243,72,965.86396
93.191753,69,965.995965
93.007684,72,966.131633
93.139768,71,966.264913
91.965756,85,966.420915
90.494428,96,966.602353
93.1,69,966.731043
92.996093,71,966.866977
93.296675,68,966.996099
93.215092,70,967.129241
93.002411,71,967.265321
93.190815,70,967.402633
93.302733,69,967.529358
93.050183,71,967.662364
93.207989,70,967.792031
93.0,70,967.924833
92.83617,72,968.06156
93.048016,71,968.194501
90.387979,99,968.379796
93.109831,72,968.521072
93.042529,70,968.652822
93.176807,69,968.787031
92.761815,75,968.925119
92.991342,72,969.061892
93.166801,70,969.193076
93.322256,68,969.325969
93.157722,70,969.465723
93.1,69,969.604361
93.059619,71,977.153837
93.043266,70,977.29418
91.577675,92,977.463974
92.996625,71,977.602933
93.0,70,977.733707
93.26647,71,977.864647
93.063755,73,978.000557
93.026832,70,978.14046
92.883933,72,978.276006
92.598646,82,978.430677
93.18609,71,978.567433
93.030052,71,978.710844
93.126313,72,978.849198
93.282724,71,978.990257
93.234848,69,979.122398
92.822622,76,979.269088
93.021867,74,979.404288
92.792981,74,979.54493
93.095149,71,979.677062
93.017267,70,979.809942
93.176504,70,979.941292
93.199113,70,980.074476
92.869365,74,980.214595
93.250307,69,980.342254
93.3327,70,980.475827
93.019654,71,980.612781
93.157768,70,980.744094
93.335139,72,980.877611
93.18474,71,981.010256
90.737029,97,988.626914
92.933375,71,988.757242
93.133815,69,988.886218
93.286617,70,990.534397
93.059562,71,990.733344
93.027588,70,990.953247
93.171926,69,991.148193
93.055444,70,991.3426
93.128363,73,991.535962
93.236504,70,991.719244
93.271141,69,991.950791
93.18108,69,992.202269
92.480039,82,992.463027
93.05921,71,992.680436
92.979958,74,992.892859
92.956225,72,993.077573
93.141691,70,993.264572
93.144193,69,993.445734
93.215756,72,993.648481
93.197316,69,993.846156
93.315776,69,994.080478
93.271205,70,994.325935
93.361804,69,994.549363
93.35955,69,994.764977
93.456368,68,995.003919
93.067597,71,995.270389
92.985363,71,995.483273
93.429879,69,995.705918
93.161592,70,1006.536319
93.053055,71,1006.777889
92.98457,72,1006.99733
93.031883,70,1007.173939
93.124843,70,1007.379859
93.020802,73,1007.58738
92.8827,72,1007.798554
92.944335,72,1008.021194
93.103826,71,1008.24235
93.116385,70,1008.473687
92.9,71,1008.724078
93.429311,72,1008.949336
93.198997,70,1009.183071
93.191528,69,1009.330529
93.153823,70,1009.53167
93.120242,70,1009.739153
93.18701,71,1009.976651
93.042094,71,1010.171284
93.119694,70,1010.383146
93.220907,70,1010.604606
93.248291,70,1010.790048
92.949493,71,1011.010042
93.183775,70,1011.212521
93.103064,71,1011.424061
93.374177,70,1011.641683
93.211759,72,1011.854888
92.937432,71,1012.057196
93.060073,71,1012.270356
93.074904,71,1012.477509
93.0,70,1025.146051
93.326873,69,1025.36197
93.142574,71,1025.591941
93.354879,69,1025.805569
93.0,70,1026.016062
93.209921,69,1026.242249
93.272725,73,1026.415306
93.095064,72,1026.555252
93.005393,72,1026.689708
93.662935,70,1026.826846
93.112536,72,1026.963762
93.084212,71,1027.106506
92.86208,73,1027.266627
93.322907,69,1027.459045
93.085868,70,1027.612016
93.355343,68,1027.749183
93.099885,70,1027.892644
90.253249,101,1028.104813
93.123181,69,1028.254305
92.981286,71,1028.409276
93.068683,70,1028.56487
93.0945,71,1028.724801
93.115531,70,1028.941292
93.276849,70,1029.161578
93.114725,70,1029.394486
93.232554,70,1029.630402
93.133545,71,1029.844631
93.099989,70,1030.077157
92.748787,76,1030.324452
93.141189,70,1043.12832
92.810374,72,1043.308737
93.308435,70,1043.496397
92.59159,77,1043.713671
93.310478,68,1043.894536
93.171521,69,1044.080655
93.1,69,1044.261092
93.319675,68,1044.527329
93.263073,69,1044.731712
93.2,68,1044.947404
93.0,70,1045.171994
89.739911,108,1045.515274
93.283257,69,1045.726317
93.314843,70,1045.929223
93.133275,71,1046.113791
93.239685,70,1046.308798
93.2491,69,1046.507827
93.283689,69,1046.697067
93.453672,69,1046.881742
93.14609,70,1047.074117
93.360804,71,1047.283989
93.360407,69,1047.501244
93.295266,69,1047.713276
93.017037,72,1047.93561
93.099281,70,1048.13508
93.123183,71,1048.328618
93.118742,70,1048.568083
93.313898,71,1048.783345
92.975845,72,1048.983202
93.298758,68,1060.894453
92.9,71,1061.13291
93.270789,70,1061.363337
93.073641,70,1061.580952
93.176178,69,1061.786829
87.377128,131,1062.117451
93.314564,70,1062.248301
93.370336,68,1062.409683
93.327529,69,1062.620179
93.398931,70,1062.820922
93.189177,69,1063.018991
93.435217,68,1063.195416
93.346461,69,1063.384846
93.301067,69,1063.572588
93.265898,70,1063.764484
93.096922,70,1063.989438
93.073425,70,1064.177697
92.980678,76,1064.379982
93.171049,70,1064.564275
93.274793,69,1064.75935
93.131171,70,1064.943667
92.959581,74,1065.145437
93.144848,70,1065.425064
93.291727,68,1065.612936
93.256862,70,1065.813783
93.0062,70,1066.052393
93.188794,70,1066.256608
93.359529,69,1066.448802
93.196363,69,1079.314028
93.1,69,1079.442338
93.409115,69,1079.570022
93.185244,70,1079.695644
93.034918,72,1079.845971
93.452745,69,1079.968674
93.1,69,1080.093936
93.066491,74,1080.228796
93.209856,69,1080.355669
93.432235,69,1080.482563
93.18783,69,1080.612007
93.199166,69,1080.743243
93.561171,69,1080.870227
93.205112,69,1080.998428
93.388975,67,1081.120389
93.383505,68,1081.246628
93.319678,69,1081.373274
93.1,69,1081.500405
93.174713,69,1081.629417
93.270088,68,1081.757611
93.388931,69,1081.8881
93.129685,70,1082.018396
90.800996,95,1082.197399
93.280782,68,1082.32405
93.297197,68,1082.450855
93.135461,70,1082.584029
93.238313,69,1082.714504
93.15386,70,1082.844313
85.856357,148,1090.868211
93.1,69,1091.00515
93.576428,67,1091.163688
93.509416,70,1091.290648
93.374622,68,1091.460322
90.261101,104,1091.650904
93.204384,69,1091.774035
93.255129,69,1091.896751
93.395819,67,1092.022147
93.365963,68,1092.16312
93.299653,70,1092.304851
93.279122,69,1092.433146
93.354221,68,1092.553841
93.29995,69,1092.67842
93.054142,70,1092.804613
93.175338,70,1092.9316
93.421045,68,1093.053719
93.129103,69,1093.179039
93.289635,69,1093.356258
93.212205,70,1093.486025
93.560816,67,1093.606153
93.326942,68,1093.729286
93.200635,68,1093.854088
93.1,69,1093.978494
93.279137,68,1094.104156
93.086254,71,1094.234511
93.521389,71,1094.363781
93.194067,69,1094.490235
90.06343,105,1094.71995
93.162802,72,1102.146235
93.2,68,1102.281045
93.413405,67,1102.406291
93.569583,68,1102.533544
93.352592,68,1102.659469
93.294497,74,1102.796504
93.622612,69,1102.920866
93.171355,70,1103.049764
93.344615,71,1103.181865
93.024683,70,1103.308368
87.835515,135,1103.559878
93.215074,70,1103.688104
93.427637,69,1103.816938
93.1,69,1103.941553
93.145001,71,1104.070434
93.299119,68,1104.191615
93.2,68,1104.312333
92.682349,79,1104.457477
93.51079,68,1104.583296
88.216043,124,1104.812736
93.383636,68,1104.940378
93.169318,69,1105.06769
93.289025,69,1105.194785
93.273093,68,1105.321255
93.490139,71,1105.453068
93.335298,68,1105.578936
93.197851,69,1105.708226
93.401991,68,1105.836052
93.259445,69,1113.183985
93.253595,69,1113.309118
93.290088,68,1113.430696
93.314406,68,1113.552848
93.457111,69,1113.683675
93.212862,70,1113.814282
93.283465,68,1113.940794
93.253817,69,1114.075955
93.327791,69,1114.202482
93.375228,69,1114.330328
93.156675,69,1114.460148
93.294372,71,1114.58829
93.418408,68,1114.716423
93.493165,68,1114.843118
93.363636,68,1114.966172
93.474703,68,1115.091706
93.031209,70,1115.220151
93.409924,69,1115.348191
93.309732,69,1115.472732
93.360201,69,1115.602444
93.34139,69,1115.730315
93.224174,69,1115.856976
93.074596,70,1115.988385
93.1,69,1116.114978
93.275119,70,1116.24258
93.605683,68,1116.364988
93.257819,68,1116.489101
93.227588,69,1116.618517
93.143673,69,1116.743501
93.214616,70,1124.097033
93.1,69,1124.222826
93.199802,69,1124.351424
93.237412,69,1124.479447
93.43778,68,1124.602271
93.080628,70,1124.728914
93.229001,69,1124.854248
93.261687,69,1124.979555
93.170635,71,1125.108834
93.197412,72,1125.240747
93.415561,69,1125.363981
93.1,69,1125.512885
93.176077,69,1125.664974
93.24941,68,1125.788692
93.703571,70,1125.915212
93.141586,69,1126.036524
93.229701,69,1126.159793
92.962155,74,1126.29317
93.491848,69,1126.420296
93.401487,69,1126.548927
93.352921,68,1126.676341
93.027116,73,1126.809232
93.24179,69,1126.934759
93.308188,69,1127.058146
93.180014,70,1127.183801
93.203725,69,1127.309608
93.22378,73,1128.730513
93.395032,69,1128.864964
93.324643,68,1128.99497
93.252609,69,1129.123804
93.299991,68,1136.489155
93.138589,70,1136.61911
93.354456,68,1136.743591
93.179039,69,1136.872683
93.67564,68,1136.997196
93.293586,68,1137.122546
93.176306,70,1137.24568
93.218099,69,1137.371663
93.348493,68,1137.49824
93.870028,68,1137.624991
93.345214,68,1137.747
93.25929,69,1137.870342
93.463257,68,1137.993625
93.071391,70,1138.121424
93.26307,69,1138.246229
93.1,69,1138.371036
93.191482,69,1138.497907
93.044691,70,1138.623262
93.434914,75,1138.757553
93.230707,69,1138.881922
93.175316,69,1139.006713
93.311249,68,1139.13135
93.345549,69,1139.25973
93.199996,69,1139.384822
93.432417,69,1139.513417
93.010824,70,1139.644797
93.325354,68,1139.776744
93.1,69,1139.902341
93.264878,68,1140.024351
93.33332,68,1147.249228
93.571113,68,1147.373655
93.186929,69,1147.49836
93.244483,69,1147.622527
93.357836,69,1147.751027
93.334257,70,1147.87778
93.03911,71,1148.004729
93.325079,69,1148.129086
93.299999,68,1148.252395
93.198702,69,1148.37651
93.253954,70,1148.503085
93.204517,71,1148.632305
93.290206,69,1148.76199
93.365062,68,1148.888537
93.1,69,1149.014603
93.0,70,1149.14136
93.315734,68,1149.26494
93.42517,67,1149.393781
93.103293,69,1149.521425
93.413131,68,1149.645829
93.231586,69,1149.771813
93.338353,69,1149.897174
93.428519,68,1150.02248
93.376769,71,1150.191758
93.319171,68,1150.327725
93.295504,69,1150.448785
93.207105,72,1150.576393
93.144047,70,1150.700475
93.278111,69,1150.82182
93.311446,69,1150.943258
93.195398,69,1158.362923
93.40968,68,1158.487991
93.365543,70,1158.613303
93.299423,68,1158.735137
93.286886,68,1158.857494
93.203135,69,1158.981077
93.324334,69,1159.112441
93.229737,70,1159.244672
93.237732,69,1159.375122
93.177808,69,1159.503846
93.272775,69,1159.644433
93.391023,69,1159.774036
93.447436,69,1159.903526
93.289761,69,1160.03258
93.078345,72,1160.16837
93.709594,69,1160.309759
93.323709,69,1160.436336
93.182986,69,1160.564928
93.338915,69,1160.693117
93.122874,71,1160.893584
93.298587,68,1161.03255
93.2,68,1161.219346
93.164867,69,1161.44969
93.298809,69,1161.59072
93.337105,71,1161.721724
93.385267,69,1161.847321
93.495716,70,1161.98086
93.154051,70,1162.112557
93.19643,69,1162.241745
93.18585,69,1162.413124
93.453215,71,1171.814883
93.184983,70,1171.995006
93.214834,69,1172.173228
90.868348,101,1172.379166
93.248075,69,1172.515234
93.291692,69,1172.640625
93.297837,68,1172.762713
93.340459,69,1172.885831
93.163356,73,1173.029068
93.125157,70,1173.153533
93.287639,68,1173.27986
93.1,69,1173.404001
93.295906,68,1173.530877
93.384054,68,1173.673308
93.534945,68,1173.801361
93.300964,69,1173.929382
93.202051,69,1174.057332
93.295317,69,1174.185811
93.228602,68,1174.314081
93.350449,68,1174.439289
93.2451,69,1174.565898
93.005193,70,1174.696021
93.190372,69,1174.823288
93.465814,70,1174.949678
93.508847,69,1175.073709
93.16424,69,1175.198977
93.115137,69,1175.325022
93.577489,69,1175.452821
93.253886,69,1175.606081
93.193188,69,1183.163906
93.131378,69,1183.289975
93.196822,70,1183.420005
93.194025,69,1183.546321
93.317844,69,1183.673844
93.456601,68,1183.801471
93.1,69,1183.927778
93.450471,68,1184.053155
93.198917,69,1184.180016
93.094564,70,1184.307347
93.117828,69,1184.437347
93.313728,68,1184.565122
93.415821,68,1184.698745
93.099126,70,1184.83615
93.295935,68,1184.975791
93.140552,75,1185.111052
93.596351,70,1185.236148
93.171208,69,1185.360643
93.212656,70,1185.486773
93.21893,69,1185.617126
93.195299,69,1185.743382
93.158463,75,1185.879965
93.356398,70,1186.005487
93.165611,69,1188.090386
93.1,69,1188.229116
93.139917,70,1188.355585
93.425796,68,1188.479702
93.26913,69,1188.605252
93.238905,69,1188.728449
93.315783,68,1196.271468
93.314583,69,1196.400589
93.285898,69,1196.526524
93.20989,70,1196.654843
93.215925,70,1196.784163
93.263984,69,1196.910997
93.420432,68,1197.034715
93.175869,69,1197.165122
93.446655,68,1197.290816
93.322495,69,1197.412263
93.424128,69,1197.53458
93.385177,68,1197.657698
93.1,69,1197.781858
93.409523,69,1197.90572
93.2,68,1198.035546
93.319528,70,1198.168442
93.221802,70,1198.296685
93.431763,69,1198.421115
93.278179,69,1198.545414
93.518508,68,1198.668375
93.457719,67,1198.793465
93.342056,68,1198.917708
93.273799,70,1199.043813
93.392379,68,1199.164971
93.279402,69,1199.290985
93.408718,71,1199.421467
93.184876,69,1199.542135
93.251702,69,1199.664637
93.321163,69,1199.789366
93.129794,69,1199.916379
93.434185,69,1207.455112
93.316287,70,1207.585219
93.373675,69,1207.712734
93.218692,68,1207.838853
93.397515,68,1207.964195
93.478985,68,1208.135329
93.513479,68,1208.269674
93.416661,70,1208.411866
93.194504,69,1208.534778
93.212173,69,1208.673224
93.2,68,1208.803724
93.210989,68,1208.936015
93.229231,68,1209.060448
93.364247,69,1209.186302
93.297449,68,1209.314743
93.312224,69,1209.442986
93.1,69,1209.575658
93.2,68,1209.705904
93.366253,68,1209.828722
93.280287,69,1210.013573
93.252894,70,1210.179781
93.074944,70,1210.305282
93.2,68,1210.429782
93.275562,69,1210.554237
93.244938,68,1210.681511
93.308865,68,1210.804533
93.199863,69,1210.926831
93.139189,72,1211.057759
93.229816,69,1211.186233
93.357968,67,1211.309085
93.350998,68,1219.025692
93.2555,68,1219.169023
93.214605,68,1219.30574
93.442066,68,1219.440481
93.354688,69,1219.583264
93.25634,68,1219.716905
93.244533,68,1219.855232
93.408112,68,1219.990359
93.479137,68,1220.119642
93.388003,68,1220.246444
93.351251,69,1220.381512
93.351617,68,1220.517573
93.293022,68,1220.657451
93.392184,69,1220.838057
93.184432,72,1220.977251
93.2215,69,1221.100014
93.375635,68,1221.224763
93.455949,68,1221.347271
93.392241,67,1221.469067
93.396223,68,1221.589753
93.196883,69,1221.711945
93.2,68,1221.835339
93.316723,68,1221.966762
93.42829,68,1222.096605
93.297841,69,1222.221784
93.410867,67,1222.346757
93.357455,68,1222.470654
93.375694,68,1222.590867
93.175579,71,1222.71658
93.470809,68,1222.836348
93.300072,68,1230.283462
93.33345,69,1230.416449
93.362052,68,1230.601551
93.292556,68,1230.819592
93.36288,70,1231.046271
93.293848,68,1231.216501
93.15869,69,1231.387413
93.398744,67,1231.570699
93.30739,68,1231.793472
93.197249,71,1231.983946
93.377017,68,1232.18721
93.330405,68,1232.378699
93.441411,69,1232.572702
93.378793,69,1232.777223
93.2,68,1233.0039
93.404848,68,1233.20015
93.340445,68,1233.410624
93.408661,69,1233.61637
93.25122,68,1233.805881
93.288395,69,1234.007231
93.231225,68,1234.214474
93.2,68,1234.46345
93.333531,68,1234.666603
93.314503,68,1234.87433
93.365879,68,1235.065933
93.277987,69,1235.253914
93.309636,68,1235.457277
93.340922,68,1235.658428
93.626598,69,1235.885936
93.477986,67,1236.078393
93.59247,72,1245.134861
93.393245,68,1245.256591
93.632623,70,1245.383842
93.333613,68,1245.507619
93.117599,69,1245.635516
93.499359,68,1245.761657
93.4082,67,1245.8813
93.511888,71,1246.006354
93.404414,68,1246.129628
93.559906,67,1246.252549
93.571451,68,1246.379602
93.210768,68,1246.506553
93.324623,69,1246.635692
93.247422,69,1246.810315
93.256618,68,1246.934881
93.361725,68,1247.052999
93.27947,68,1247.169828
93.376507,68,1247.290125
93.476312,68,1247.410674
93.477071,67,1248.807035
93.2,68,1248.933225
93.296008,70,1249.058097
93.471883,68,1249.184899
93.563129,67,1249.304649
93.29975,68,1249.429501
93.431803,68,1249.554162
93.196711,69,1249.683205
93.361112,68,1249.805801
93.478611,70,1249.932803
93.470724,67,1250.05255
93.390232,67,1257.490857
93.2,68,1257.616362
93.380206,69,1257.7439
93.414121,67,1257.864361
93.303979,68,1257.986378
93.55228,67,1258.109585
93.470216,67,1258.236761
93.059201,72,1258.3737
93.517423,67,1258.501457
93.266697,68,1258.627866
93.395205,68,1258.750501
93.331816,67,1258.879408
93.248818,71,1259.005411
93.397734,68,1259.124934
93.399534,67,1259.246253
93.446663,68,1259.375438
93.342304,68,1259.500789
93.398791,68,1259.626978
93.41735,68,1259.765569
93.261586,70,1259.903471
93.224623,69,1260.030628
93.353366,68,1260.1557
93.383826,67,1260.275174
93.677921,67,1260.394576
93.35744,67,1260.51807
93.459429,67,1260.643021
93.175001,69,1260.770626
93.408911,67,1260.894685
93.292143,69,1261.022983
93.383621,68,1261.151444
93.38902,68,1270.438155
93.3,67,1270.645755
93.184635,69,1270.901392
93.300125,68,1271.115246
93.281657,68,1271.337895
93.528494,67,1271.544684
93.394199,68,1271.758325
93.3,67,1271.950612
93.360457,67,1272.144561
93.299212,68,1272.344082
93.248032,71,1272.574546
93.2,68,1272.795747
93.464595,67,1272.991016
93.273211,68,1273.189937
93.288461,68,1273.41586
93.282495,68,1273.650946
93.457182,68,1273.856646
93.328578,72,1274.083044
93.412936,68,1274.305517
93.216088,68,1274.523632
93.299937,68,1274.749985
93.240375,70,1274.97437
93.417826,68,1275.197727
93.455555,69,1275.388372
93.303775,68,1275.583291
93.391103,67,1275.77849
93.253051,71,1275.984664
93.243906,68,1276.154361
93.37711,67,1276.34636
93.284685,68,1276.621263
93.378823,67,1288.055042
93.478397,70,1288.272108
93.462851,67,1288.480281
93.459165,68,1288.672224
93.283259,68,1288.864063
93.270518,68,1289.062992
93.334765,68,1289.282948
93.2,68,1289.45084
93.302226,68,1289.639282
93.311719,68,1289.873471
93.394918,68,1290.108814
93.525691,68,1290.316075
93.267906,68,1290.506548
93.460786,70,1290.714756
85.865785,147,1291.037951
93.2,68,1291.161615
93.47715,67,1291.283031
93.299895,68,1291.412624
93.509382,68,1291.537975
93.320534,68,1291.662953
93.480249,67,1291.785521
93.409364,68,1291.913063
93.296537,68,1292.039735
93.354901,68,1292.16412
93.3751,68,1292.289862
93.29912,68,1292.412138
93.29906,68,1292.536253
93.238742,69,1292.661319
93.649624,69,1292.784886
93.411989,68,1300.083749
93.394059,68,1300.204429
93.4196,68,1300.324805
93.386389,69,1300.450116
93.3,67,1300.569604
93.351453,67,1300.689052
93.3,67,1300.805927
93.34796,68,1300.927939
93.363379,70,1301.05726
93.23556,68,1301.180965
93.362915,68,1301.304452
93.347769,67,1301.492927
93.460265,67,1301.656946
93.360787,68,1301.800102
93.527979,67,1301.924582
93.44119,67,1302.047832
93.375908,68,1302.173704
93.388203,67,1302.294611
93.457065,68,1302.414595
93.213636,72,1302.542882
93.315724,68,1302.666895
93.53702,67,1302.78548
93.482887,67,1302.902886
93.155843,69,1303.023626
93.367807,67,1303.140379
93.270961,68,1303.260869
93.389705,67,1303.382975
93.496694,68,1303.508221
93.521279,67,1303.627148
93.47175,67,1303.746778
93.349183,67,1311.024997
93.537037,67,1311.14693
93.395879,68,1311.267746
93.569347,67,1311.386966
93.495606,69,1311.509394
93.399784,67,1311.62833
93.482229,67,1311.747062
93.315113,68,1311.8674
93.423568,67,1311.995933
93.394591,68,1312.155788
93.537297,67,1312.3104
93.302897,67,1312.430644
93.555166,69,1312.552581
93.3,68,1312.673517
93.686613,68,1312.795715
93.493471,67,1312.918713
93.2,68,1314.296231
93.576235,69,1314.422609
93.403262,68,1314.547847
93.537896,67,1314.66948
93.299606,68,1314.790415
93.450607,67,1314.909864
93.443049,68,1315.031493
93.359337,68,1315.15393
93.298479,68,1315.277564
93.60885,68,1315.396156
93.2,68,1315.521758
93.295509,68,1315.642868
93.217,68,1315.769012
93.295392,68,1315.890264
93.2,68,1323.611354
93.421112,67,1323.731747
93.580857,67,1323.854465
93.497519,67,1323.976197
93.383907,67,1324.101455
93.31481,67,1324.227026
93.546348,67,1324.359076
93.472341,67,1324.485338
93.3,67,1324.609013
93.319655,67,1324.752621
93.547967,69,1324.891518
93.36196,67,1325.014739
93.298791,68,1325.138681
93.539323,67,1325.260367
93.530141,67,1325.381126
93.399991,67,1325.50668
93.449318,68,1325.630235
93.3,67,1325.750765
93.2,68,1325.874662
93.479051,67,1325.997944
93.386466,68,1326.122218
93.33985,68,1326.250606
93.3,67,1326.375728
93.365858,67,1326.500489
93.543683,67,1326.630694
93.716416,67,1326.756595
93.448542,69,1326.883164
93.555471,70,1327.012226
93.499549,66,1327.150347
93.588584,67,1327.280486
93.451634,67,1327.408872
93.318778,68,1334.871099
93.403698,69,1334.993798
93.455038,67,1335.116215
93.451842,68,1335.237468
93.32808,68,1335.35892
93.300083,68,1335.479842
93.481975,67,1335.600473
93.385428,67,1335.721503
93.434315,67,1335.842883
93.38369,68,1335.962422
93.580677,67,1336.080714
93.556418,68,1336.202725
93.441667,67,1336.324085
93.384661,6786.991484,136,93.398396,67,93.454948,68,93.498089,67,93.270587,68,93.354984,68,93.2,68,1336.93.4660193.497125,68,1336.86.063148,141,1337.183663
93.692758,67,1337.303166
93.503746,67,1337.427782
93.3,67,1337.549932
93.332486,69,1337.674447
93.408422,67,1337.797032
93.271207,69,1337.925209
93.453471,67,1338.048625
93.3,67,1338.169987
93.499718,66,1338.292215
93.462826,67,1338.414176
93.349977,68,1345.903983
93.714454,67,1346.040102
93.643763,67,1346.174778
93.391164,67,1346.311193
93.317778,68,1346.450027
93.399472,67,1346.580972
93.045154,75,1346.729249
93.628695,68,1346.857501
93.473391,67,1346.987167
93.48623,68,1347.121109
93.616109,67,1347.253922
93.433904,68,1347.389658
93.632555,68,1347.522347
93.379968,67,1347.644445
85.779698,147,1347.911767
93.523904,67,1348.032395
93.368644,68,1348.157139
93.057027,71,1348.283972
93.49351,67,1348.402036
93.2,68,1348.526306
93.541905,68,1348.648409
86.508867,139,1348.905995
93.274507,69,1349.032055
93.400131,67,1349.150828
93.2,68,1349.274243
93.430274,67,1349.428908
93.393327,67,1349.56603
93.631056,67,1349.688734
93.447806,69,1356.973245
93.398416,68,1357.091907
93.48169,74,1357.231564
93.539817,68,1357.357323
93.292713,68,1357.489265
93.327255,67,1357.609553
93.354169,71,1357.740581
93.479422,68,1357.864229
93.569027,67,1357.98246
93.53611,67,1358.101511
93.394712,67,1358.220001
93.518671,67,1358.343692
93.51803,66,1358.466251
93.397314,68,1358.590455
93.321071,67,1358.714195
93.461872,67,1358.835154
93.399035,67,1358.957378
93.477551,67,1359.078069
93.532307,67,1359.199096
93.47081,68,1359.327136
93.3,67,1359.448552
93.480184,67,1359.569561
93.407604,67,1359.690469
93.282798,68,1359.814019
93.423442,67,1359.934944
93.587888,68,1360.058521
93.227604,68,1360.188436
93.268413,68,1360.319076
93.339585,69,1360.446929
93.344901,68,1360.577105
93.243276,69,1367.838601
93.430074,68,1367.964655
93.299886,68,1368.091364
93.457542,68,1368.216325
93.377297,67,1368.337095
93.530275,68,1368.460414
93.380977,69,1368.588182
93.397432,67,1368.712085
93.386435,68,1368.834801
93.404783,68,1368.959647
93.307841,68,1369.083037
93.438506,70,1369.213518
93.445715,67,1369.335818
93.509943,68,1371.329557
93.476823,67,1371.463415
93.340616,67,1371.585891
93.430652,66,1371.735111
93.534655,67,1371.853702
93.402853,67,1371.970773
93.64726,67,1372.094415
93.391689,68,1372.217882
93.412417,67,1372.341779
93.453909,67,1372.465753
93.312009,69,1372.593258
93.2,68,1372.71734
93.643617,67,1372.840902
93.217941,68,1372.966248
93.209322,68,1373.092729
93.512945,68,1373.220959
93.772253,68,1373.344089
93.419104,68,1380.85198
93.405652,67,1380.979018
93.537493,68,1381.116468
93.412982,67,1381.285938
93.283005,68,1381.431522
93.375657,67,1381.559437
93.48094,67,1381.681417
93.476891,68,1381.80742
93.372318,67,1381.930195
93.500965,68,1382.052881
93.2,68,1382.178316
93.451828,68,1382.304857
93.498229,67,1382.441175
93.305551,67,1382.572997
93.451746,68,1382.703465
93.433863,68,1382.831182
93.391845,67,1382.973522
93.552605,68,1383.097337
93.602089,67,1383.226564
93.381705,67,1383.367194
93.293435,68,1383.50115
93.231265,72,1383.629999
93.389956,68,1383.75081
93.290221,68,1383.870207
93.543742,67,1383.994104
93.293127,68,1384.113608
93.372215,68,1384.231049
93.54566,67,1384.349857
93.370623,67,1384.471804
93.293393,68,1384.599876
93.473143,67,1392.026683
93.298663,68,1392.145558
86.50255,140,1392.414238
93.459503,68,1392.569429
93.364972,67,1392.69239
93.475133,68,1392.815021
93.475488,67,1392.937525
93.409627,68,1393.05831
93.386735,67,1393.179197
93.287102,68,1393.305339
93.427355,67,1393.435073
93.454413,68,1393.562526
93.497352,67,1393.69441
93.4156,68,1393.825315
93.457158,67,1393.947804
93.352513,67,1394.077437
93.345435,68,1394.206048
93.363358,68,1394.334941
93.418775,67,1394.46892
93.306369,68,1394.594334
93.505078,68,1394.717651
93.446601,67,1394.845531
93.372033,68,1394.969826
93.48234,68,1395.092697
93.476037,67,1395.21601
93.347353,68,1395.342649
93.527081,68,1395.473428
93.333301,68,1395.598001
93.298331,68,1395.724778
93.401809,67,1395.851485
93.375028,67,1403.688424
93.352365,68,1403.817979
93.540987,68,1403.942108
93.389083,67,1404.11952
93.424922,68,1404.243428
93.283069,68,1404.366529
93.398183,67,1404.566951
93.445833,67,1404.692669
93.3,67,1404.846841
93.198281,72,1404.99734
93.433501,70,1405.137819
93.376295,67,1405.268544
93.394959,68,1405.39576
93.294388,68,1405.523439
93.359224,69,1405.653106
93.457465,67,1405.792975
93.5454,67,1405.918087
93.39848,67,1406.062795
93.474017,67,1406.189307
93.543691,67,1406.312122
93.449836,67,1406.440567
93.234043,68,1406.568779
93.399659,67,1406.751395
93.212278,70,1406.919544
93.44303,68,1407.078152
93.326423,68,1407.235774
93.404078,69,1407.399235
93.382308,67,1407.556677
93.396309,67,1407.712546
93.394014,68,1407.873247
93.3,67,1416.823566
93.317973,68,1416.97981
93.348054,68,1417.151424
93.396429,67,1417.306355
93.436155,67,1417.461526
93.566133,68,1417.618341
93.294462,69,1417.778296
93.299899,68,1417.931972
93.3,67,1418.083862
93.305136,68,1418.242336
93.381228,68,1418.397047
93.359783,67,1418.605201
93.360488,67,1418.76841
93.393304,68,1418.927511
93.346713,68,1419.085444
93.443296,67,1419.240912
93.403955,67,1419.404816
93.35403,67,1419.5649
93.237644,68,1419.734932
93.321342,68,1419.892365
93.455736,66,1420.016065
93.516872,67,1420.1391
93.300467,68,1420.261638
93.269971,68,1420.383852
93.534259,67,1420.505339
93.457754,67,1420.627923
93.4942,67,1420.751773
93.473151,67,1420.876459
93.453624,67,1420.99543
93.377777,68,1421.128865
93.3,67,1428.967686
93.405084,68,1429.089951
93.2,68,1429.212415
93.420421,68,1429.336744
93.252612,68,1429.469815
93.22645,68,1429.59023
93.3,67,1429.713829
93.322961,67,1429.833163
93.394055,67,1429.953273
93.421964,68,1431.352369
93.405885,67,1431.478423
93.470061,67,1431.598888
93.274383,68,1431.719488
93.508966,67,1431.839029
93.364323,67,1431.961874
93.478665,67,1432.082639
93.473587,67,1432.200207
93.4969,69,1432.320458
93.50026,67,1432.438251
93.377141,68,1432.57765
93.331533,68,1432.730567
93.344306,67,1432.853483
93.248583,68,1432.974178
93.397582,67,1433.09481
93.393578,68,1433.22076
93.444719,68,1433.343789
93.306343,67,1433.465648
93.520738,67,1433.585693
93.573869,68,1433.713386
93.365542,68,1433.839357
93.348478,68,1433.961227
93.43776,68,1440.983252
93.362891,67,1441.105021
93.401032,67,1441.225715
93.369351,69,1441.34997
93.497383,67,1441.46873
93.386081,68,1441.590105
93.479914,67,1441.713218
93.2,68,1441.835358
93.399925,67,1441.955686
93.335765,67,1442.075256
93.374014,67,1442.196156
93.462282,67,1442.318417
93.398392,68,1442.440475
93.473481,67,1442.560355
93.485646,67,1442.679601
93.421213,67,1442.80262
93.416481,68,1442.922502
93.654503,68,1443.042079
93.486377,68,1443.162956
93.405774,67,1443.280988
93.329804,68,1443.401307
93.263693,68,1443.519863
93.455142,67,1443.639946
93.470899,67,1443.759723
93.494859,67,1443.892528
93.412329,67,1444.013276
93.380415,67,1444.13592
93.275915,68,1444.258539
93.461536,67,1444.379231
93.57766,67,1444.497514
93.348131,68,1451.184872
93.452105,67,1451.305855
93.3,67,1451.426432
93.447158,67,1451.547332
93.393201,67,1451.666925
93.244787,68,1451.785951
93.350643,68,1451.910161
93.49039,68,1452.032244
93.389851,67,1452.151468
93.3998,67,1452.270757
93.44651,69,1452.394443
93.424342,68,1452.519335
93.7486,68,1452.640409
93.382177,67,1452.75986
93.534942,68,1452.884153
93.367029,68,1453.008883
93.452176,67,1453.128349
93.5622,67,1453.249678
93.334415,67,1453.368954
93.432821,67,1453.489519
93.405229,68,1453.615647
93.462886,67,1453.738323
93.578244,68,1453.862316
93.458886,67,1453.982036
93.43121,67,1454.106349
93.3,67,1454.230503
86.940666,135,1454.481273
93.490937,67,1454.603267
93.588473,67,1454.726543
93.415729,68,1462.2457
93.463263,68,1462.368184
93.407538,67,1462.491819
93.442351,68,1462.616916
93.342561,68,1462.739522
93.42774,67,1462.862333
93.356387,68,1462.987961
93.330261,67,1463.111813
93.255292,68,1463.239835
93.628931,67,1463.358864
93.2,68,1463.482731
93.521504,68,1463.602387
93.388887,67,1463.720642
93.436645,67,1463.841802
93.380833,68,1463.963841
93.472319,67,1464.08576
93.418787,67,1464.206545
93.2,68,1464.33141
93.571408,67,1464.450544
93.396878,67,1464.573042
93.397038,67,1464.695469
93.369208,67,1464.817934
93.3,67,1464.940917
93.327888,68,1465.063617
93.355,68,1465.184586
93.331755,67,1465.30418
93.507355,67,1465.427768
93.567161,67,1465.550326
93.398958,67,1465.672026
93.418239,67,1465.792574
93.450153,68,1465.914052
93.263033,69,1473.693578
93.367633,68,1473.822408
93.485851,67,1473.947401
93.284321,69,1474.081341
93.550457,68,1474.20609
93.464877,67,1474.339844
93.272992,68,1474.475683
93.352897,68,1474.604773
93.431329,68,1474.745228
93.388324,67,1474.884219
93.446472,67,1475.006729
93.543831,67,1475.1374
93.397899,67,1475.259963
93.396593,68,1475.383069
93.487321,67,1475.504097
93.367857,68,1475.627383
93.418733,68,1475.751648
93.513434,67,1475.873078
93.311719,67,1475.994978
93.323586,68,1476.121709
93.323666,67,1476.24628
93.266163,68,1476.370721
93.329288,67,1476.496731
93.339407,68,1476.636994
93.766583,69,1476.800121
93.390788,67,1476.923946
93.404085,67,1477.049658
93.256734,68,1477.17346
93.500278,67,1477.297296
93.389948,67,1477.423427
93.399202,67,1485.630564
93.489027,67,1485.756056
93.424234,67,1485.880766
93.398064,67,1486.005682
93.467971,67,1486.126878
93.491818,67,1486.248382
93.492909,68,1488.358355
93.4662,67,1488.504149
93.324862,67,1488.655639
93.484973,67,1488.78659
93.299272,68,1488.917078
93.351706,67,1489.0778
93.565073,67,1489.200806
93.454028,67,1489.322111
93.573255,67,1489.459114
93.512068,68,1489.592007
93.483743,68,1489.756057
93.420965,67,1489.88252
93.488236,67,1490.005866
93.494211,68,1490.132373
93.442557,67,1490.252627
93.337466,68,1490.378809
93.388368,67,1490.505225
93.44812,67,1490.628922
93.414655,67,1490.750578
93.460397,67,1490.874276
93.399971,67,1490.999728
93.403686,67,1491.124365
93.362367,67,1491.259285
93.368583,67,1491.431783
93.424874,67,1498.753437
93.398573,67,1498.87584
93.360436,67,1498.997657
93.565687,68,1499.122102
93.482578,67,1499.243642
93.546821,67,1499.364503
93.375007,68,1499.486335
93.383514,68,1499.639378
93.447257,67,1499.773145
93.472662,68,1499.896338
93.483285,67,1500.017706
93.288317,68,1500.138813
93.405669,67,1500.258668
93.452935,68,1500.382805
93.464573,67,1500.503285
93.546081,68,1500.624994
93.415374,67,1500.744688
93.3,67,1500.865579
93.544545,67,1500.984554
93.391311,67,1501.104086
93.434089,68,1501.22529
93.227741,69,1501.349471
93.546145,67,1501.475212
93.605595,68,1501.600877
93.302919,67,1501.724349
93.598526,67,1501.846044
93.500897,67,1501.973734
93.385424,67,1502.106771
93.478539,67,1502.228484
93.354538,67,1502.351622
93.470799,67,1502.474659
93.3,67,1509.690309
93.53014,69,1509.817796
93.367899,67,1509.945377
93.402733,67,1510.067227
93.397037,67,1510.187933
93.408679,67,1510.30837
93.44659,67,1510.43261
93.383425,68,1510.560698
93.33948,67,1510.683355
93.39806,67,1510.804105
93.431032,67,1510.923987
93.44861,68,1511.046315
93.3,67,1511.169449
93.368816,68,1511.28917
93.384669,67,1511.409955
93.396951,68,1511.533342
93.456127,67,1511.658315
93.734981,67,1511.7798
93.563946,67,1511.900266
93.280229,68,1512.023024
93.532692,67,1512.145794
93.203385,68,1512.268933
93.451245,67,1512.388536
93.361691,68,1512.509561
93.541395,67,1512.629448
93.577082,67,1512.757161
93.373858,67,1512.879858
93.525923,67,1513.000594
93.488225,68,1513.12323
93.476323,67,1513.24184
93.3,67,1520.522434
93.388777,67,1520.644503
93.4,66,1520.764154
93.53065,66,1520.882804
93.423484,67,1521.004511
93.34088,68,1521.127028
93.398727,67,1521.249404
93.366048,70,1521.37658
93.397667,67,1521.496782
93.385569,68,1521.618176
93.483017,67,1521.736676
93.510028,67,1521.857732
93.436789,68,1521.979712
93.327764,68,1522.101232
93.404311,67,1522.222401
93.667369,68,1522.344156
93.369663,68,1522.468455
93.420104,67,1522.587536
93.419923,67,1522.707584
93.473839,67,1522.829208
93.59496,66,1522.948577
93.466324,67,1523.070096
93.473997,68,1523.191957
93.474472,67,1523.31243
93.53956,68,1523.436239
93.349112,67,1523.565025
93.614421,67,1523.687248
93.379001,68,1523.81094
93.464363,67,1523.931985
93.586028,68,1524.050268
93.498993,67,1524.171739
93.511093,67,1531.529472
93.723895,68,1531.649997
93.434424,67,1531.778956
93.46643,67,1531.912364
93.37154,68,1532.051287
93.508011,67,1532.182868
93.566295,67,1532.309409
93.495222,66,1532.426092
93.4414,67,1532.546621
93.609063,66,1532.666735
93.389594,67,1532.784201
93.41908,67,1532.910867
93.398169,67,1533.040251
93.640441,67,1533.170123
93.537553,67,1533.303659
93.361698,67,1533.431606
93.431707,67,1533.562442
93.457427,67,1533.689083
93.494908,67,1533.809788
93.2,68,1533.931727
93.671301,69,1534.055476
93.390205,67,1534.173018
93.547882,67,1534.294976
93.591526,68,1534.421538
93.561424,68,1534.556701
93.36963,67,1534.688312
93.499596,66,1534.817763
93.52465,67,1534.952828
93.374674,67,1535.081159
93.645805,67,1535.201558
93.488306,70,1542.578828
93.342393,71,1542.702623
93.542987,67,1544.068689
93.396125,67,1544.193921
93.452468,67,1544.318333
93.520479,67,1544.440892
93.372916,67,1544.563342
93.493873,66,1544.694155
93.575352,67,1544.822291
93.631453,67,1544.953875
93.468134,68,1545.080076
93.386541,67,1545.210304
93.397718,67,1545.334961
93.399991,67,1545.454748
93.538755,68,1545.574737
93.3,67,1545.70015
93.493911,67,1545.819661
93.479648,68,1545.940706
93.558328,67,1546.058337
93.462687,67,1546.175404
93.531231,67,1546.293312
93.469309,67,1546.409661
93.406595,67,1546.527866
93.695271,66,1546.64563
93.461151,67,1546.765424
93.490494,66,1546.883869
93.645444,68,1547.003411
93.584295,67,1547.121964
93.415445,67,1547.242311
93.538415,67,1547.364838
93.396405,67,1547.489079
24
93.437999,67,1546.786386
93.472463,67,1546.903783
93.536494,68,1547.026518
93.395057,67,1547.147905
93.544324,66,1547.271404

93.3,67,1547.341924
93.521639,67,1547.46726
9
93.406603,68,1546.689085
93.350208,67,1546.808781
93.3,67,1546.929133
93.5527,67,1547.046826
93.488162,67,1547.165427
93.3,67,1547.285891
93.392287,68,1547.410346
93.567053,68,1547.536227
